[{"model": "admin.logentry", "pk": 1, "fields": {"action_time": "2021-09-30T12:13:52.600Z", "user": 1, "content_type": 7, "object_id": "1", "object_repr": "bonsai.example.com", "action_flag": 2, "change_message": "[{\"changed\": {\"fields\": [\"Domain name\", \"Display name\"]}}]"}}, {"model": "admin.logentry", "pk": 2, "fields": {"action_time": "2021-10-01T10:59:55.943Z", "user": 1, "content_type": 8, "object_id": "1", "object_repr": "pjdijxhoorn@hotmail.com", "action_flag": 1, "change_message": "[{\"added\": {}}]"}}, {"model": "admin.logentry", "pk": 3, "fields": {"action_time": "2021-10-29T16:29:57.923Z", "user": 1, "content_type": 14, "object_id": "3", "object_repr": "Bonsai pruning scissors", "action_flag": 1, "change_message": "[{\"added\": {}}]"}}, {"model": "admin.logentry", "pk": 4, "fields": {"action_time": "2021-10-30T05:37:29.120Z", "user": 1, "content_type": 14, "object_id": "4", "object_repr": "Azeale Bonsai", "action_flag": 1, "change_message": "[{\"added\": {}}]"}}, {"model": "admin.logentry", "pk": 5, "fields": {"action_time": "2021-10-30T05:44:08.330Z", "user": 1, "content_type": 14, "object_id": "5", "object_repr": "Cedar lebani", "action_flag": 1, "change_message": "[{\"added\": {}}]"}}, {"model": "admin.logentry", "pk": 6, "fields": {"action_time": "2021-10-30T05:49:33.510Z", "user": 1, "content_type": 14, "object_id": "6", "object_repr": "Flowmeting tree", "action_flag": 1, "change_message": "[{\"added\": {}}]"}}, {"model": "admin.logentry", "pk": 7, "fields": {"action_time": "2021-10-30T05:52:07.486Z", "user": 1, "content_type": 14, "object_id": "7", "object_repr": "Pliers", "action_flag": 1, "change_message": "[{\"added\": {}}]"}}, {"model": "admin.logentry", "pk": 8, "fields": {"action_time": "2021-10-30T05:52:13.512Z", "user": 1, "content_type": 14, "object_id": "7", "object_repr": "Pliers", "action_flag": 2, "change_message": "[]"}}, {"model": "admin.logentry", "pk": 9, "fields": {"action_time": "2021-10-30T05:54:04.529Z", "user": 1, "content_type": 14, "object_id": "8", "object_repr": "scissors", "action_flag": 1, "change_message": "[{\"added\": {}}]"}}, {"model": "admin.logentry", "pk": 10, "fields": {"action_time": "2021-10-31T12:57:52.881Z", "user": 1, "content_type": 14, "object_id": "9", "object_repr": "Red maple", "action_flag": 1, "change_message": "[{\"added\": {}}]"}}, {"model": "admin.logentry", "pk": 11, "fields": {"action_time": "2021-10-31T13:04:04.887Z", "user": 1, "content_type": 13, "object_id": "10", "object_repr": "outside", "action_flag": 1, "change_message": "[{\"added\": {}}]"}}, {"model": "admin.logentry", "pk": 12, "fields": {"action_time": "2021-10-31T13:04:25.517Z", "user": 1, "content_type": 13, "object_id": "10", "object_repr": "outside", "action_flag": 3, "change_message": ""}}, {"model": "admin.logentry", "pk": 13, "fields": {"action_time": "2021-10-31T13:05:18.069Z", "user": 1, "content_type": 14, "object_id": "10", "object_repr": "Podocarpus", "action_flag": 1, "change_message": "[{\"added\": {}}]"}}, {"model": "admin.logentry", "pk": 14, "fields": {"action_time": "2021-10-31T13:08:01.545Z", "user": 1, "content_type": 14, "object_id": "11", "object_repr": "ficus ginseng", "action_flag": 1, "change_message": "[{\"added\": {}}]"}}, {"model": "admin.logentry", "pk": 15, "fields": {"action_time": "2021-10-31T13:08:20.671Z", "user": 1, "content_type": 14, "object_id": "11", "object_repr": "ficus ginseng", "action_flag": 2, "change_message": "[{\"changed\": {\"fields\": [\"Image\"]}}]"}}, {"model": "admin.logentry", "pk": 16, "fields": {"action_time": "2021-10-31T13:08:40.604Z", "user": 1, "content_type": 14, "object_id": "6", "object_repr": "Flowering tree", "action_flag": 2, "change_message": "[{\"changed\": {\"fields\": [\"Name\"]}}]"}}, {"model": "admin.logentry", "pk": 17, "fields": {"action_time": "2021-10-31T13:11:08.928Z", "user": 1, "content_type": 14, "object_id": "12", "object_repr": "Small Elm forest bonsai", "action_flag": 1, "change_message": "[{\"added\": {}}]"}}, {"model": "admin.logentry", "pk": 18, "fields": {"action_time": "2021-10-31T13:15:25.558Z", "user": 1, "content_type": 14, "object_id": "13", "object_repr": "American pineleaf", "action_flag": 1, "change_message": "[{\"added\": {}}]"}}, {"model": "admin.logentry", "pk": 19, "fields": {"action_time": "2021-10-31T13:18:03.596Z", "user": 1, "content_type": 14, "object_id": "14", "object_repr": "pine", "action_flag": 1, "change_message": "[{\"added\": {}}]"}}, {"model": "admin.logentry", "pk": 20, "fields": {"action_time": "2021-10-31T13:20:58.686Z", "user": 1, "content_type": 14, "object_id": "15", "object_repr": "fiscus ginseng rock", "action_flag": 1, "change_message": "[{\"added\": {}}]"}}, {"model": "admin.logentry", "pk": 21, "fields": {"action_time": "2021-10-31T13:24:29.705Z", "user": 1, "content_type": 14, "object_id": "16", "object_repr": "pine forest bonsai", "action_flag": 1, "change_message": "[{\"added\": {}}]"}}, {"model": "admin.logentry", "pk": 22, "fields": {"action_time": "2021-10-31T13:29:37.184Z", "user": 1, "content_type": 14, "object_id": "17", "object_repr": "spruce bonsai", "action_flag": 1, "change_message": "[{\"added\": {}}]"}}, {"model": "admin.logentry", "pk": 23, "fields": {"action_time": "2021-10-31T13:35:46.526Z", "user": 1, "content_type": 14, "object_id": "18", "object_repr": "Arbutus menziesii", "action_flag": 1, "change_message": "[{\"added\": {}}]"}}, {"model": "admin.logentry", "pk": 24, "fields": {"action_time": "2021-10-31T13:38:58.492Z", "user": 1, "content_type": 14, "object_id": "19", "object_repr": "American oak", "action_flag": 1, "change_message": "[{\"added\": {}}]"}}, {"model": "admin.logentry", "pk": 25, "fields": {"action_time": "2021-10-31T13:42:39.279Z", "user": 1, "content_type": 14, "object_id": "20", "object_repr": "pinus cembra", "action_flag": 1, "change_message": "[{\"added\": {}}]"}}, {"model": "admin.logentry", "pk": 26, "fields": {"action_time": "2021-10-31T14:00:32.244Z", "user": 1, "content_type": 14, "object_id": "21", "object_repr": "pine seeds- pinus cembra", "action_flag": 1, "change_message": "[{\"added\": {}}]"}}, {"model": "admin.logentry", "pk": 27, "fields": {"action_time": "2021-10-31T14:02:16.541Z", "user": 1, "content_type": 14, "object_id": "22", "object_repr": "spruce seeds", "action_flag": 1, "change_message": "[{\"added\": {}}]"}}, {"model": "admin.logentry", "pk": 28, "fields": {"action_time": "2021-10-31T14:03:47.003Z", "user": 1, "content_type": 14, "object_id": "23", "object_repr": "Elm seeds", "action_flag": 1, "change_message": "[{\"added\": {}}]"}}, {"model": "admin.logentry", "pk": 29, "fields": {"action_time": "2021-10-31T14:06:09.662Z", "user": 1, "content_type": 14, "object_id": "24", "object_repr": "acer seeds", "action_flag": 1, "change_message": "[{\"added\": {}}]"}}, {"model": "admin.logentry", "pk": 30, "fields": {"action_time": "2021-10-31T14:10:04.534Z", "user": 1, "content_type": 13, "object_id": "5", "object_repr": "seeds", "action_flag": 2, "change_message": "[{\"changed\": {\"fields\": [\"Name\"]}}]"}}, {"model": "admin.logentry", "pk": 31, "fields": {"action_time": "2021-10-31T14:14:26.753Z", "user": 1, "content_type": 14, "object_id": "25", "object_repr": "Pine small bonsai", "action_flag": 1, "change_message": "[{\"added\": {}}]"}}, {"model": "admin.logentry", "pk": 32, "fields": {"action_time": "2021-10-31T14:17:01.251Z", "user": 1, "content_type": 14, "object_id": "26", "object_repr": "conifer bonsai", "action_flag": 1, "change_message": "[{\"added\": {}}]"}}, {"model": "admin.logentry", "pk": 33, "fields": {"action_time": "2021-10-31T14:19:40.178Z", "user": 1, "content_type": 14, "object_id": "27", "object_repr": "large spruce bonsai", "action_flag": 1, "change_message": "[{\"added\": {}}]"}}, {"model": "admin.logentry", "pk": 34, "fields": {"action_time": "2021-11-01T09:56:57.632Z", "user": 1, "content_type": 14, "object_id": "28", "object_repr": "small round pot", "action_flag": 1, "change_message": "[{\"added\": {}}]"}}, {"model": "admin.logentry", "pk": 35, "fields": {"action_time": "2021-11-01T10:00:14.600Z", "user": 1, "content_type": 14, "object_id": "29", "object_repr": "bonsai pot", "action_flag": 1, "change_message": "[{\"added\": {}}]"}}, {"model": "admin.logentry", "pk": 36, "fields": {"action_time": "2021-11-01T10:00:28.620Z", "user": 1, "content_type": 14, "object_id": "26", "object_repr": "conifer bonsai", "action_flag": 2, "change_message": "[{\"changed\": {\"fields\": [\"Sku\"]}}]"}}, {"model": "admin.logentry", "pk": 37, "fields": {"action_time": "2021-11-01T10:02:49.105Z", "user": 1, "content_type": 14, "object_id": "24", "object_repr": "acer seeds", "action_flag": 2, "change_message": "[{\"changed\": {\"fields\": [\"Rating\"]}}]"}}, {"model": "admin.logentry", "pk": 38, "fields": {"action_time": "2021-11-13T11:34:01.871Z", "user": 1, "content_type": 14, "object_id": "30", "object_repr": "ficus ginseng small", "action_flag": 1, "change_message": "[{\"added\": {}}]"}}, {"model": "admin.logentry", "pk": 39, "fields": {"action_time": "2021-11-13T11:34:38.617Z", "user": 1, "content_type": 14, "object_id": "30", "object_repr": "ficus ginseng small", "action_flag": 2, "change_message": "[{\"changed\": {\"fields\": [\"Sku\"]}}]"}}, {"model": "admin.logentry", "pk": 40, "fields": {"action_time": "2021-11-13T20:05:26.727Z", "user": 1, "content_type": 14, "object_id": "31", "object_repr": "wire Big", "action_flag": 1, "change_message": "[{\"added\": {}}]"}}, {"model": "admin.logentry", "pk": 41, "fields": {"action_time": "2021-11-13T20:06:09.419Z", "user": 1, "content_type": 14, "object_id": "32", "object_repr": "wire medium", "action_flag": 1, "change_message": "[{\"added\": {}}]"}}, {"model": "admin.logentry", "pk": 42, "fields": {"action_time": "2021-11-13T20:07:00.921Z", "user": 1, "content_type": 14, "object_id": "33", "object_repr": "wire small", "action_flag": 1, "change_message": "[{\"added\": {}}]"}}, {"model": "admin.logentry", "pk": 43, "fields": {"action_time": "2021-11-13T20:07:15.713Z", "user": 1, "content_type": 14, "object_id": "32", "object_repr": "wire medium", "action_flag": 2, "change_message": "[{\"changed\": {\"fields\": [\"Description\"]}}]"}}, {"model": "admin.logentry", "pk": 44, "fields": {"action_time": "2021-11-24T11:54:58.464Z", "user": 1, "content_type": 15, "object_id": "3", "object_repr": "97C3A53FE97740B2A911688A347B6567", "action_flag": 2, "change_message": "[{\"changed\": {\"name\": \"order line item\", \"object\": \"SKU A203 on order 97C3A53FE97740B2A911688A347B6567\", \"fields\": [\"Quantity\"]}}]"}}, {"model": "admin.logentry", "pk": 45, "fields": {"action_time": "2021-11-24T11:55:50.400Z", "user": 1, "content_type": 15, "object_id": "3", "object_repr": "97C3A53FE97740B2A911688A347B6567", "action_flag": 2, "change_message": "[{\"deleted\": {\"name\": \"order line item\", \"object\": \"SKU A203 on order 97C3A53FE97740B2A911688A347B6567\"}}]"}}, {"model": "admin.logentry", "pk": 46, "fields": {"action_time": "2021-12-02T14:23:35.662Z", "user": 1, "content_type": 14, "object_id": "34", "object_repr": "test", "action_flag": 3, "change_message": ""}}, {"model": "admin.logentry", "pk": 47, "fields": {"action_time": "2021-12-02T14:23:35.667Z", "user": 1, "content_type": 14, "object_id": "35", "object_repr": "test2", "action_flag": 3, "change_message": ""}}, {"model": "auth.user", "pk": 1, "fields": {"password": "pbkdf2_sha256$260000$7rNEGJelo1s1t572P8QhWb$lnXeHERgBPbXi10rW74+4682M10sB8E1iPJkepmjj8k=", "last_login": "2021-12-01T11:54:26.019Z", "is_superuser": true, "username": "pjdijxhoorn", "first_name": "", "last_name": "", "email": "pjdijxhoorn@hotmail.com", "is_staff": true, "is_active": true, "date_joined": "2021-09-30T11:34:52.907Z", "groups": [], "user_permissions": []}}, {"model": "auth.user", "pk": 2, "fields": {"password": "pbkdf2_sha256$260000$eYb5ihyAzMH5OCsskJsq75$yh/hDSRypRSv2xfvnRwLx/IDaFm9Zd1qO/fMk/6kUNw=", "last_login": "2021-11-30T16:26:58.300Z", "is_superuser": false, "username": "assesor", "first_name": "", "last_name": "", "email": "test@test.com", "is_staff": false, "is_active": true, "date_joined": "2021-11-30T13:47:15.469Z", "groups": [], "user_permissions": []}}, {"model": "sessions.session", "pk": "1ja3pt9znc7j6qvioqqvzksw0qp7lf1w", "fields": {"session_data": "eyJiYWciOnsiNSI6MSwiNCI6MSwiMiI6MSwiMjciOjF9fQ:1mlASI:NMBlpbvfEUTNiIgpNn8AqoC8DkSghzX-_xC2eTG9e7E", "expire_date": "2021-11-25T13:49:30.330Z"}}, {"model": "sessions.session", "pk": "4bsd9pyjpdc3h9r9dxmkxlxdsj7ab0xd", "fields": {"session_data": "eyJiYWciOnsiMjMiOjQsIjEiOjN9LCJzYXZlX2luZm8iOmZhbHNlfQ:1mpqe4:oFuOENSOgcQc0igRmhKFnZo3T7txS647-V9iDtn8_Iw", "expire_date": "2021-12-08T11:41:00.940Z"}}, {"model": "sessions.session", "pk": "6ed40ab1q1cwu5tp87h8ivogynlc3sdj", "fields": {"session_data": ".eJxljMEOwiAQBf-Fc9NQymLp0bvfQBZYLFrBlNZojP-uNcbEeJ2Z9-4MnctLms2FphgieUMnjCPr0zKO1dcuhSbWM8EqZnCZhzcw0f8zi-5IaRX-gGmfa5fTPEVbr0n9saXeZU_j9tP-HAxYhtcaglcb5Tii5BYsdCC50I1V1KJwsuUyaN-qJmAHClwnpOKAVnPtwHca1tNCpcScDF3Pcbqxnj-eWslP4g:1ms3U8:1DpUEFGAmmwcMqODhetjAkaLldTy_ubF4xZH6Ia_K1E", "expire_date": "2021-12-14T13:47:52.586Z"}}, {"model": "sessions.session", "pk": "75oe2p7ouf0xbxjikvkc00ctpe74vbs0", "fields": {"session_data": ".eJxVjDsOgzAQBe-ytYX8WWzHZfqcAa3tNZBEIPGpEHcPRBRJ9aQ3o9mgoXXpmnXmqekzBFAgfr9I6cXDCfKThnas0jgsUx-rU6kuOlePMfP7frl_gY7m7sxyUYheSy6Rsy2RbM3aajLsNOnkonHoU5RkvSzJuBqNMsZ6zFneEI9opBbCBhqCF-AhOAHaQFACVP0dPMi-fwBIJz_7:1mknho:iRI6MjM2tAAL56ZMdpN17IdLFza3sOpx8-wBjYCqDHc", "expire_date": "2021-11-24T13:32:00.865Z"}}, {"model": "sessions.session", "pk": "878uq9er2h5crh6zm0zceqm4nr1nzugo", "fields": {"session_data": "eyJiYWciOnsiNSI6MiwiNyI6NH19:1ml9OH:dqzHl2WbpAHebo7tOJG6Cjz7kP0TgZm0sFaclVv7QVg", "expire_date": "2021-11-25T12:41:17.217Z"}}, {"model": "sessions.session", "pk": "8qs38sfrflq5zdynleogaa42j8ceb05u", "fields": {"session_data": ".eJxVjDsOgzAQBe-yNbL8WWzHZfqcAa3tNZBEIGGoEHdPkGgo35vR7BCph7CDhqAaQAimAdX-x9FAR9s6dFvlpRszBFBw-yKlD08nyG-a-lmkeVqXMYpTERet4jVn_j4v9xYYqA5nlotC9FpyiZxtiWRb1laTYadJJxeNQ5-iJOtlSca1aJQx1mPO8oEIxw9R3z2W:1mmgy1:RNpZeqUJ6DER2TGfbhXasTfhqCXTOnJ_seCWRDtio3k", "expire_date": "2021-11-29T18:44:33.976Z"}}, {"model": "sessions.session", "pk": "8uyhocsh7jeo4bycrfjvg9fhml74rf76", "fields": {"session_data": "e30:1ms3Ls:VOu0aqxflbqh3cBXKmdI23acZfBvXdQWwhGF21jYPxw", "expire_date": "2021-12-14T13:39:20.724Z"}}, {"model": "sessions.session", "pk": "96a7cr6qs1l48xwy4hv47yaqgw2uvveb", "fields": {"session_data": ".eJxVjEEOwiAQAP_C2RAKW8AevfsGssBiUQOmtInG-HdD0oNeZybzZg63dXZbo8XlyCY2sMMv8xhuVLqIVyyXykMt65I97wnfbePnGul-2tu_wYxt7ltKA4CVgpKnqJNHPZLUEhUZiTIYrwzY4AVqK1JQZgQ1KKUtxCiOAH3aqLVci6PnIy8vNonPF5MwPtQ:1mWGHY:RrA3XaGMLPaznC3rmhJd4TSzHc5T5nTJR6ydwnPWSgk", "expire_date": "2021-10-15T11:00:48.153Z"}}, {"model": "sessions.session", "pk": "9npfe0k99nvs5nrchnixbolkw3uxs956", "fields": {"session_data": ".eJxVjEEOgyAQAP_C2RCEFajH3n0DWWBR2wYS0V6Mf29NPLTXmcnszOG2Tm6rtLg5sp61rPllHsOT8iniA_NYeCh5XWbPz4RftvKhRHrdr_ZvMGGdzi2lFsBKQclT1Mmj7khqiYqMRBmMVwZs8AK1FSko04FqldIWYhQ3gO-04pvcnFNh_bps1DCPI-v34_gACwVAhw:1mspGS:CK9sHjjegydcmQv3VTWmMrGsMt3cIyGHDJ4TkARCLo0", "expire_date": "2021-12-16T16:48:56.835Z"}}, {"model": "sessions.session", "pk": "ug4uokmtc9al64nlr4554jsluutwd0gn", "fields": {"session_data": "eyJiYWciOnsiNSI6MiwiNyI6M319:1ml9PW:4V8finkUm_S9yohZmtANveFMImOiBefzY1mSCs3cXtg", "expire_date": "2021-11-25T12:42:34.923Z"}}, {"model": "sites.site", "pk": 1, "fields": {"domain": "bonsai.example.com", "name": "Happy Bonsai"}}, {"model": "account.emailaddress", "pk": 1, "fields": {"user": 1, "email": "pjdijxhoorn@hotmail.com", "verified": true, "primary": true}}, {"model": "account.emailaddress", "pk": 2, "fields": {"user": 2, "email": "test@test.com", "verified": true, "primary": true}}, {"model": "products.category", "pk": 1, "fields": {"name": "inside", "friendly_name": "Inside Bonsai"}}, {"model": "products.category", "pk": 2, "fields": {"name": "outside", "friendly_name": "Outside Bonsai"}}, {"model": "products.category", "pk": 3, "fields": {"name": "clearance", "friendly_name": "Clearance"}}, {"model": "products.category", "pk": 4, "fields": {"name": "deals", "friendly_name": "Deals"}}, {"model": "products.category", "pk": 5, "fields": {"name": "seeds", "friendly_name": "Bonsai Seeds"}}, {"model": "products.category", "pk": 6, "fields": {"name": "pots", "friendly_name": "Pots"}}, {"model": "products.category", "pk": 7, "fields": {"name": "tools", "friendly_name": "Tools"}}, {"model": "products.category", "pk": 8, "fields": {"name": "new_arrivals", "friendly_name": "New Arrivals"}}, {"model": "products.category", "pk": 9, "fields": {"name": "wiring", "friendly_name": "Wiring"}}, {"model": "products.product", "pk": 1, "fields": {"category": 1, "sku": "A101", "name": "Elm Bonsai", "description": "This Elm bonsai in blue pot is from 1982 and is a easy to maintain inside bonsai. the leaves will change to a soft orange during the fall and will then fall off. no worries this tree will sprout new leaves in april.", "price": "100.00", "rating": "4.60", "image_url": null, "image": "Afbeelding van Ilona Ilyés via Pixabay 2.jpg"}}, {"model": "products.product", "pk": 2, "fields": {"category": 2, "sku": "A201", "name": "Blue Spruce", "description": "This Blue spruce is a perfect tree to make as a focal point in your garden or balcony. it requires almost no work and will stay green year round.", "price": "60.00", "rating": "4.60", "image_url": "", "image": "Afbeelding van Ilona Ilyés via Pixabay4.jpg"}}, {"model": "products.product", "pk": 3, "fields": {"category": 7, "sku": "A701", "name": "Bonsai pruning scissors", "description": "These prunning scissors are made to cut small leaves and branches.", "price": "2.00", "rating": "4.50", "image_url": null, "image": "scissor_9fwZElw.jpg"}}, {"model": "products.product", "pk": 4, "fields": {"category": 2, "sku": "A202", "name": "Azeale Bonsai", "description": "This Bonsai stays green most of the year and in the summer this will bloom with bright red flowers all over the bonsai.  This is a very good centrepiece for your garden.", "price": "101.00", "rating": "5.00", "image_url": null, "image": "Afbeelding_van_Ilona_Ilyés_via_Pixabay.jpg"}}, {"model": "products.product", "pk": 5, "fields": {"category": 2, "sku": "A203", "name": "Cedar lebani", "description": "This Mediterranean tree stays green year-round and therefore will brighten your garden year-round. this bonsai is very easy to maintain and is a great bonsai for people to get into bonsai.", "price": "50.00", "rating": "4.50", "image_url": null, "image": "Afbeelding_van_Ilona_Ilyés_via_Pixabay5.jpg"}}, {"model": "products.product", "pk": 6, "fields": {"category": 2, "sku": "A204", "name": "Flowering tree", "description": "Even though this bonsai will bloom for a short period in august it does so beautifully. This bonsai is green the rest of the year.", "price": "120.00", "rating": "4.30", "image_url": null, "image": "Afbeelding_van_Ilona_Ilyés_via_Pixabay3.jpg"}}, {"model": "products.product", "pk": 7, "fields": {"category": 7, "sku": "A702", "name": "Pliers", "description": "These pliers are used to cut bigger branches and roots of bonsai.", "price": "15.00", "rating": "5.00", "image_url": null, "image": "Photo_by_lukas_n_from_FreeImages.jpg"}}, {"model": "products.product", "pk": 8, "fields": {"category": 7, "sku": "A703", "name": "scissors", "description": "these scissors are to cut smaller branches and leaves.", "price": "9.00", "rating": "5.00", "image_url": null, "image": "Foto_door_Jess_Bailey_Designs_via_Pexels.jpg"}}, {"model": "products.product", "pk": 9, "fields": {"category": 2, "sku": "A205", "name": "Red maple", "description": "This slow-growing tree is mostly known for its deep red leaves in fall. during spring and summer, the leaves are green. this is certain to give your garden a nice colour.", "price": "120.00", "rating": "5.00", "image_url": null, "image": "Afbeelding_van_jggrz_via_Pixabay.jpg"}}, {"model": "products.product", "pk": 10, "fields": {"category": 2, "sku": "A206", "name": "Podocarpus", "description": "this is a conifer out japan and china is strong and therefore easy to use as a bonsai. this tree is able to survive inside and outside.", "price": "60.00", "rating": "4.20", "image_url": null, "image": "Afbeelding_van_Judy_Boyle_via_Pixabay_2.jpg"}}, {"model": "products.product", "pk": 11, "fields": {"category": 1, "sku": "A102", "name": "ficus ginseng", "description": "This is the most common tree used for bonsai due to its strong trunk and the leaves that stay on the tree year-round.", "price": "50.00", "rating": "3.50", "image_url": null, "image": "Afbeelding_van_Judy_Boyle_via_Pixabay_3.jpg"}}, {"model": "products.product", "pk": 12, "fields": {"category": 1, "sku": "A207", "name": "Small Elm forest bonsai", "description": "This bonsai Forrest consist out of multiple smaller bonsai. this tree gives the feeling you are in the middle of the forest while still indoor.", "price": "200.00", "rating": "5.00", "image_url": null, "image": "Afbeelding_van_Judy_Boyle_via_Pixabay_4.jpg"}}, {"model": "products.product", "pk": 13, "fields": {"category": 2, "sku": "A208", "name": "American pineleaf", "description": "This bonsai looks like a pine but however, this leafy tree is certainly not a pine. this bonsai will lose its leaves in later fall and have green leaves from the spring.", "price": "59.99", "rating": "4.00", "image_url": null, "image": "Afbeelding_van_Judy_Boyle_via_Pixabay_5.jpg"}}, {"model": "products.product", "pk": 14, "fields": {"category": 2, "sku": "A208", "name": "pine", "description": "This older pine was made later in life and a lot of the tree died of . the branches that still contained life were redirected and that gives us this beautiful bonsai.", "price": "80.00", "rating": "4.50", "image_url": null, "image": "Afbeelding_van_Judy_Boyle_via_Pixabay_6.jpg"}}, {"model": "products.product", "pk": 15, "fields": {"category": 1, "sku": "A103", "name": "fiscus ginseng rock", "description": "This bonsai was grown on a small patch of rocks with a little amount of earth. its beautiful composition is created by running the roots over the stones and growing some moss over that.", "price": "160.00", "rating": "5.00", "image_url": null, "image": "Afbeelding_van_Judy_Boyle_via_Pixabay_7.jpg"}}, {"model": "products.product", "pk": 16, "fields": {"category": 2, "sku": "A209", "name": "pine forest bonsai", "description": "this beautiful bonsai forest consists of pine trees planted on rocky hills. the scrubs are a mix of ferns, moss, and small blooming flowers. this 30-year-old bonsai is sure to amaze everybody that comes to visit your house or office.", "price": "250.00", "rating": "5.00", "image_url": null, "image": "Afbeelding_van_Judy_Boyle_via_Pixabay.jpg"}}, {"model": "products.product", "pk": 17, "fields": {"category": 4, "sku": "A401", "name": "spruce bonsai", "description": "This spruce bonsai will be a focal point of your garden.", "price": "30.00", "rating": "3.00", "image_url": null, "image": "Afbeelding_van_kat7214_via_Pixabay.jpg"}}, {"model": "products.product", "pk": 18, "fields": {"category": 1, "sku": "A104", "name": "Arbutus menziesii", "description": "This bonsai will give small red berries during spring into summer. these berries are not edible however they do give a nice colour to the tree. this tree will hold leaves year-round.", "price": "120.00", "rating": "4.80", "image_url": null, "image": "Afbeelding_van_Luca_Finardi_via_Pixabay_2.jpg"}}, {"model": "products.product", "pk": 19, "fields": {"category": 2, "sku": "A209", "name": "American oak", "description": "This sturdy slow-growing bonsai is 60 years old and will change its colour leaves from light green in spring to dark green in summer to yellow and ending in orange in the fall. This colourful bonsai is sure to impress anybody with your garden.", "price": "200.00", "rating": "5.00", "image_url": null, "image": "Afbeelding_van_Luca_Finardi_via_Pixabay.jpg"}}, {"model": "products.product", "pk": 20, "fields": {"category": 2, "sku": "A210", "name": "pinus cembra", "description": "This alpine pine is normally known for its pine seeds that are edible however, it makes for a beautiful bonsai as well. This bonsai is 20 years old and will grow for many more years to come. It is easy to maintain it only needs water every week and enough sunlight.", "price": "80.00", "rating": "3.90", "image_url": null, "image": "Afbeelding_van_scartmyart_via_Pixabay.jpg"}}, {"model": "products.product", "pk": 21, "fields": {"category": 8, "sku": "A801", "name": "pine seeds- pinus cembra", "description": "these alpine pine seeds are of the famous pine nuts tree. They are slow-growing and will not produce pine seeds for the first 30 years but they make for beautiful bonsai trees if formed properly.", "price": "0.50", "rating": "3.00", "image_url": null, "image": "Photo_by_Christian_Joudrey_on_Unsplash_1.jpg"}}, {"model": "products.product", "pk": 22, "fields": {"category": 5, "sku": "A501", "name": "spruce seeds", "description": "spruce is family of the conifer family. this will grow with soft green needles and is very easy to bend and shape.", "price": "0.50", "rating": "5.00", "image_url": null, "image": "Photo_by_Robert_Thiemann_on_Unsplash_1.jpg"}}, {"model": "products.product", "pk": 23, "fields": {"category": 5, "sku": "A502", "name": "Elm seeds", "description": "these elm seeds will grow in sturdy elm trees if given enough love and time.", "price": "0.50", "rating": "5.00", "image_url": null, "image": "Photo_by_Joshua_Lanzarini_on_Unsplash_1.jpg"}}, {"model": "products.product", "pk": 24, "fields": {"category": 5, "sku": "A503", "name": "acer seeds", "description": "the Acer is a well know 5 point star leaf it comes in multiple colours however these ones will have red-green leaves.", "price": "0.50", "rating": "5.00", "image_url": null, "image": "Photo_by_Goh_Rhy_Yan_on_Unsplash_1.jpg"}}, {"model": "products.product", "pk": 25, "fields": {"category": 3, "sku": "A301", "name": "Pine small bonsai", "description": "You will always be able to find a nice spot for this small bonsai. it will stay green year-round and can be grown to become much larger if wanted.", "price": "20.00", "rating": "3.80", "image_url": null, "image": "Afbeelding_van_StockSnap_via_Pixabay.jpg"}}, {"model": "products.product", "pk": 26, "fields": {"category": 2, "sku": "A211", "name": "conifer bonsai", "description": "This bonsai might not be the oldest but it is grown on a beautiful composition of rock and moss and gives a feeling of rough nature.", "price": "120.00", "rating": "4.80", "image_url": null, "image": "Foto_door_Quang_Nguyen_Vinh_via_Pexels.jpg"}}, {"model": "products.product", "pk": 27, "fields": {"category": 2, "sku": "A212", "name": "large spruce bonsai", "description": "this large spruce bonsai is 80 years old and still going strong. this bonsai has a height of 50cm and will stay green year-round.", "price": "300.00", "rating": "5.00", "image_url": null, "image": "image-from-rawpixel-id-3259493-original.jpg"}}, {"model": "products.product", "pk": 28, "fields": {"category": 6, "sku": "A601", "name": "small round pot", "description": "this small round pot is a good pot for smaller bonsai.  It has a hole on the bottom for drainage and a dish to capture the excess water.  shouldn't be left outside in winter.", "price": "20.00", "rating": "5.00", "image_url": null, "image": "20211101_103314.jpg"}}, {"model": "products.product", "pk": 29, "fields": {"category": 6, "sku": "A602", "name": "bonsai pot", "description": "This pot is for inside bonsai. It can be placed outside during spring, summer and fall but will break if it freezes. This pot is for small bonsai after the bonsai grows over 20 above the pot the bonsai should be placed in a bigger pot.", "price": "20.00", "rating": "4.80", "image_url": null, "image": "20211101_103435.jpg"}}, {"model": "products.product", "pk": 30, "fields": {"category": 1, "sku": "A105", "name": "ficus ginseng small", "description": "This bonsai is still quite small and young. however, it is already quite beautiful!\r\nit is low maintenance for it only requires some water every week. this is the perfect tree for beginners in bonsai.", "price": "30.00", "rating": "5.00", "image_url": null, "image": "20211107_151437.jpg"}}, {"model": "products.product", "pk": 31, "fields": {"category": 9, "sku": "A901", "name": "wire Big", "description": "big wire for binding the bonsai in the desired shape. wrap it around the thicker parts that you want to shape at a 45-degree angle and then bend the wire so the branches will bend and harden in the correct way.", "price": "5.00", "rating": "5.00", "image_url": null, "image": "20211107_145145.jpg"}}, {"model": "products.product", "pk": 32, "fields": {"category": 9, "sku": "A902", "name": "wire medium", "description": "medium wire for binding the bonsai in the desired shape. wrap it around the medium parts that you want to shape at a 45-degree angle and then bend the wire so the branches will bend and harden in the correct way.", "price": "4.00", "rating": "5.00", "image_url": null, "image": "20211107_145158.jpg"}}, {"model": "products.product", "pk": 33, "fields": {"category": 9, "sku": "A903", "name": "wire small", "description": "small wire for binding the bonsai in the desired shape. wrap it around the smaller parts that you want to shape at a 45-degree angle and then bend the wire so the branches will bend and harden in the correct way.", "price": "3.00", "rating": "5.00", "image_url": null, "image": "20211107_145233.jpg"}}, {"model": "checkout.order", "pk": 1, "fields": {"order_number": "9C451244ACB64278B6AB85C393A5034C", "user_profile": null, "full_name": "Paul Dijxhoorn", "email": "pjdijxhoorn@hotmail.com", "phone_number": "+31644101140", "country": "Nederland", "postcode": "5709 GS", "town_or_city": "Helmond", "street_address1": "Twijnsterhof", "street_address2": "26", "county": "noord Brabant", "date": "2021-11-24T11:41:00.705Z", "delivery_cost": "0.00", "order_total": "272.00", "grand_total": "272.00", "original_bag": "", "stripe_pid": ""}}, {"model": "checkout.order", "pk": 2, "fields": {"order_number": "A8CC58AFDC404BF2A4B9E0D75EF3F6CA", "user_profile": null, "full_name": "Paul Dijxhoorn", "email": "pjdijxhoorn@hotmail.com", "phone_number": "+31644101140", "country": "Nederland", "postcode": "5709 GS", "town_or_city": "Helmond", "street_address1": "Twijnsterhof", "street_address2": "26", "county": "noord Brabant", "date": "2021-11-24T11:46:10.590Z", "delivery_cost": "0.00", "order_total": "150.00", "grand_total": "150.00", "original_bag": "", "stripe_pid": ""}}, {"model": "checkout.order", "pk": 3, "fields": {"order_number": "97C3A53FE97740B2A911688A347B6567", "user_profile": null, "full_name": "Paul Dijxhoorn", "email": "pjdijxhoorn@hotmail.com", "phone_number": "+31644101140", "country": "Nederland", "postcode": "5709 GS", "town_or_city": "Helmond", "street_address1": "Twijnsterhof", "street_address2": "26", "county": "noord Brabant", "date": "2021-11-24T11:48:42.154Z", "delivery_cost": "0.00", "order_total": "0.00", "grand_total": "0.00", "original_bag": "", "stripe_pid": ""}}, {"model": "checkout.order", "pk": 4, "fields": {"order_number": "CCEC17CF9A43415C99432584BE4A4503", "user_profile": null, "full_name": "Paul Dijxhoorn", "email": "pjdijxhoorn@hotmail.com", "phone_number": "+31644101140", "country": "Nederland", "postcode": "5709 GS", "town_or_city": "Helmond", "street_address1": "Twijnsterhof", "street_address2": "26", "county": "noord Brabant", "date": "2021-11-25T12:30:32.021Z", "delivery_cost": "0.00", "order_total": "63.00", "grand_total": "63.00", "original_bag": "", "stripe_pid": ""}}, {"model": "checkout.order", "pk": 5, "fields": {"order_number": "868223632D41421ABB79CEE3CC1175A1", "user_profile": null, "full_name": "Paul Dijxhoorn", "email": "pjdijxhoorn@hotmail.com", "phone_number": "+31644101140", "country": "Nederland", "postcode": "5709 GS", "town_or_city": "Helmond", "street_address1": "Twijnsterhof", "street_address2": "26", "county": "noord Brabant", "date": "2021-11-25T12:49:04.490Z", "delivery_cost": "0.00", "order_total": "606.00", "grand_total": "606.00", "original_bag": "", "stripe_pid": ""}}, {"model": "checkout.order", "pk": 6, "fields": {"order_number": "6106501FF892475DBD729E2547702261", "user_profile": null, "full_name": "Paul Dijxhoorn", "email": "pjdijxhoorn@hotmail.com", "phone_number": "+31644101140", "country": "Nederland", "postcode": "5709 GS", "town_or_city": "Helmond", "street_address1": "Twijnsterhof", "street_address2": "26", "county": "noord Brabant", "date": "2021-11-25T12:51:02.261Z", "delivery_cost": "0.00", "order_total": "300.00", "grand_total": "300.00", "original_bag": "", "stripe_pid": ""}}, {"model": "checkout.order", "pk": 7, "fields": {"order_number": "9F2CBB3D0B724036A79489A72EC6C325", "user_profile": null, "full_name": "Paul Dijxhoorn", "email": "pjdijxhoorn@hotmail.com", "phone_number": "+31644101140", "country": "US", "postcode": "5709 GS", "town_or_city": "Helmond", "street_address1": "Twijnsterhof", "street_address2": "26", "county": "noord Brabant", "date": "2021-11-26T12:31:36.673Z", "delivery_cost": "0.00", "order_total": "281.00", "grand_total": "281.00", "original_bag": "", "stripe_pid": ""}}, {"model": "checkout.order", "pk": 8, "fields": {"order_number": "695EDE3878234D4FA5D229EEBFFBE46A", "user_profile": null, "full_name": "Paul Dijxhoorn", "email": "pjdijxhoorn@hotmail.com", "phone_number": "+31644101140", "country": "US", "postcode": "570944", "town_or_city": "Helmond", "street_address1": "Twijnsterhof", "street_address2": "26", "county": "noord Brabant", "date": "2021-11-28T11:16:06.280Z", "delivery_cost": "0.00", "order_total": "80.00", "grand_total": "80.00", "original_bag": "{\"25\": 4}", "stripe_pid": "pi_3K0lLpGaonsRK8QX1oO1xhWc"}}, {"model": "checkout.order", "pk": 9, "fields": {"order_number": "D03316AB969B48498FAD4773D48ABEF7", "user_profile": null, "full_name": "Paul Dijxhoorn", "email": "pjdijxhoorn@hotmail.com", "phone_number": "+31644101140", "country": "US", "postcode": "5709 GS", "town_or_city": "Helmond", "street_address1": "Twijnsterhof", "street_address2": "26", "county": "noord Brabant", "date": "2021-11-28T11:22:42.885Z", "delivery_cost": "0.00", "order_total": "270.00", "grand_total": "270.00", "original_bag": "{\"1\": 3}", "stripe_pid": "pi_3K0lSVGaonsRK8QX1AdWZ788"}}, {"model": "checkout.order", "pk": 10, "fields": {"order_number": "BDD5A7875B044512ABB5234BD663C14B", "user_profile": null, "full_name": "Paul Dijxhoorn", "email": "pjdijxhoorn@hotmail.com", "phone_number": "+31644101140", "country": "NL", "postcode": "5709 GS", "town_or_city": "Helmond", "street_address1": "Twijnsterhof", "street_address2": "26", "county": "noord Brabant", "date": "2021-11-30T16:46:22.408Z", "delivery_cost": "0.00", "order_total": "50.00", "grand_total": "50.00", "original_bag": "{\"11\": 1}", "stripe_pid": "pi_3K1ZSxGaonsRK8QX17C2ozGF"}}, {"model": "checkout.order", "pk": 11, "fields": {"order_number": "D46C121EE0C54DC0A3682A862A7EC239", "user_profile": 2, "full_name": "ffffff", "email": "pjdijxhoorn@hotmail.com", "phone_number": "+31644101140", "country": "NL", "postcode": "5709 GS", "town_or_city": "Helmond", "street_address1": "Twijnsterhof", "street_address2": "26", "county": "noord Brabant", "date": "2021-11-30T20:35:23.367Z", "delivery_cost": "0.00", "order_total": "320.00", "grand_total": "320.00", "original_bag": "{\"15\": 2}", "stripe_pid": "pi_3K1d1YGaonsRK8QX0PifFvzS"}}, {"model": "checkout.order", "pk": 12, "fields": {"order_number": "3090B0F3D2CC4B698956FCFE119F4734", "user_profile": 1, "full_name": "Paul Dijxhoorn", "email": "pjdijxhoorn@hotmail.com", "phone_number": "+31644101140", "country": "NL", "postcode": "5709 GS", "town_or_city": "Helmond", "street_address1": "Twijnsterhof", "street_address2": "26", "county": "noord Brabant", "date": "2021-12-01T11:58:57.737Z", "delivery_cost": "0.00", "order_total": "202.00", "grand_total": "202.00", "original_bag": "{\"4\": 2}", "stripe_pid": "pi_3K1rSQGaonsRK8QX1Cz74jjo"}}, {"model": "checkout.order", "pk": 13, "fields": {"order_number": "28E02C9075CF428FBBD9C2CAEC2FB869", "user_profile": 1, "full_name": "test confromation mail", "email": "pjdijxhoorn@hotmail.com", "phone_number": "+31644101140", "country": "NL", "postcode": "5709 GS", "town_or_city": "Helmond", "street_address1": "Twijnsterhof", "street_address2": "26", "county": "noord Brabant", "date": "2021-12-01T12:31:57.029Z", "delivery_cost": "0.00", "order_total": "200.00", "grand_total": "200.00", "original_bag": "{\"5\": 4}", "stripe_pid": "pi_3K1ry1GaonsRK8QX0K6bieiO"}}, {"model": "checkout.orderlineitem", "pk": 1, "fields": {"order": 1, "product": 23, "quantity": 4, "lineitem_total": "2.00"}}, {"model": "checkout.orderlineitem", "pk": 2, "fields": {"order": 1, "product": 1, "quantity": 3, "lineitem_total": "270.00"}}, {"model": "checkout.orderlineitem", "pk": 3, "fields": {"order": 2, "product": 5, "quantity": 3, "lineitem_total": "150.00"}}, {"model": "checkout.orderlineitem", "pk": 5, "fields": {"order": 4, "product": 33, "quantity": 1, "lineitem_total": "3.00"}}, {"model": "checkout.orderlineitem", "pk": 6, "fields": {"order": 4, "product": 2, "quantity": 1, "lineitem_total": "60.00"}}, {"model": "checkout.orderlineitem", "pk": 7, "fields": {"order": 5, "product": 4, "quantity": 6, "lineitem_total": "606.00"}}, {"model": "checkout.orderlineitem", "pk": 8, "fields": {"order": 6, "product": 2, "quantity": 5, "lineitem_total": "300.00"}}, {"model": "checkout.orderlineitem", "pk": 9, "fields": {"order": 7, "product": 2, "quantity": 3, "lineitem_total": "180.00"}}, {"model": "checkout.orderlineitem", "pk": 10, "fields": {"order": 7, "product": 4, "quantity": 1, "lineitem_total": "101.00"}}, {"model": "checkout.orderlineitem", "pk": 11, "fields": {"order": 8, "product": 25, "quantity": 4, "lineitem_total": "80.00"}}, {"model": "checkout.orderlineitem", "pk": 12, "fields": {"order": 9, "product": 1, "quantity": 3, "lineitem_total": "270.00"}}, {"model": "checkout.orderlineitem", "pk": 13, "fields": {"order": 10, "product": 11, "quantity": 1, "lineitem_total": "50.00"}}, {"model": "checkout.orderlineitem", "pk": 14, "fields": {"order": 11, "product": 15, "quantity": 2, "lineitem_total": "320.00"}}, {"model": "checkout.orderlineitem", "pk": 15, "fields": {"order": 12, "product": 4, "quantity": 2, "lineitem_total": "202.00"}}, {"model": "checkout.orderlineitem", "pk": 16, "fields": {"order": 13, "product": 5, "quantity": 4, "lineitem_total": "200.00"}}, {"model": "profiles.userprofile", "pk": 1, "fields": {"user": 1, "default_phone_number": "+31644101140", "default_street_address1": "Twijnsterhof", "default_street_address2": "26", "default_town_or_city": "Helmond", "default_county": "noord Brabant", "default_postcode": "5709 GS", "default_country": "NL"}}, {"model": "profiles.userprofile", "pk": 2, "fields": {"user": 2, "default_phone_number": "+31644101140", "default_street_address1": "Twijnsterhof", "default_street_address2": "26", "default_town_or_city": "Helmond", "default_county": "noord Brabant", "default_postcode": "5709 GS", "default_country": "NL"}}]